image	filtered_bytes	x86_mt/st	arm_mt/st
1207_gray8_1024	787200	0.809	1.053
1207_gray8_1536	1770624	0.654	0.935
1207_gray8_2048	3147264	0.597	0.859
1207_gray8_2560	4917120	0.597	0.775
1207_gray8_3072	7080192	0.603	0.716
1207_gray8_512	196992	1.372	1.307
1207_gray8_768	442944	0.982	1.074
1207_rgb16_1024	4719360	0.720	0.933
1207_rgb16_1536	10617984	0.741	0.793
1207_rgb16_2048	18875904	0.702	0.800
1207_rgb16_2560	29493120	0.679	0.730
1207_rgb16_3072	42469632	0.750	0.755
1207_rgb16_512	1180032	0.856	1.303
1207_rgb16_768	2654784	0.775	1.038
1207_rgb8_1024	2360064	0.674	1.048
1207_rgb8_1536	5309568	0.672	0.857
1207_rgb8_2048	9438720	0.686	0.781
1207_rgb8_2560	14747520	0.665	0.697
1207_rgb8_3072	21235968	0.643	0.707
1207_rgb8_512	590208	0.901	1.293
1207_rgb8_768	1327680	0.700	1.176
1207_rgba8_1024	3146496	0.685	0.879
1207_rgba8_1536	7079040	0.646	0.725
1207_rgba8_2048	12584448	0.644	0.664
1207_rgba8_2560	19662720	0.626	0.661
1207_rgba8_3072	28313856	0.604	0.638
1207_rgba8_512	786816	0.867	1.181
1207_rgba8_768	1770048	0.744	1.046
1407_gray8_1024	787200	0.832	1.155
1407_gray8_1536	1770624	0.681	0.981
1407_gray8_2048	3147264	0.649	0.830
1407_gray8_2560	4917120	0.632	0.756
1407_gray8_3072	7080192	0.630	0.741
1407_gray8_4096	12585984	0.645	0.730
1407_gray8_512	196992	1.393	1.358
1407_gray8_768	442944	0.979	1.164
1407_rgb16_1024	4719360	0.791	0.937
1407_rgb16_1536	10617984	0.800	0.828
1407_rgb16_2048	18875904	0.762	0.808
1407_rgb16_2560	29493120	0.738	0.768
1407_rgb16_3072	42469632	0.755	0.757
1407_rgb16_4096	75500544	0.691	0.673
1407_rgb16_512	1180032	0.932	1.236
1407_rgb16_768	2654784	0.802	1.033
1407_rgb8_1024	2360064	0.675	1.045
1407_rgb8_1536	5309568	0.665	0.833
1407_rgb8_2048	9438720	0.682	0.779
1407_rgb8_2560	14747520	0.662	0.715
1407_rgb8_3072	21235968	0.632	0.699
1407_rgb8_4096	37751808	0.594	0.635
1407_rgb8_512	590208	0.940	1.347
1407_rgb8_768	1327680	0.755	1.166
1407_rgba8_1024	3146496	0.659	0.835
1407_rgba8_1536	7079040	0.670	0.743
1407_rgba8_2048	12584448	0.663	0.673
1407_rgba8_2560	19662720	0.638	0.636
1407_rgba8_3072	28313856	0.630	0.621
1407_rgba8_4096	50334720	0.628	0.609
1407_rgba8_512	786816	0.861	1.240
1407_rgba8_768	1770048	0.728	1.017
1609_rgb8_1536	5309568	0.609	0.771
1609_rgb8_2048	9438720	0.573	0.688
1609_rgb8_2560	14747520	0.559	0.643
1609_rgb8_3072	21235968	0.560	0.585
1609_rgb8_512	590208	0.913	1.299
1609_rgb8_768	1327680	0.762	1.154
2007_gray8_1536	1574400	0.815	0.882
2007_gray8_2048	2797568	0.810	0.833
2007_gray8_2560	4372480	0.809	0.826
2007_gray8_3072	6294528	0.779	0.819
2007_gray8_512	175104	1.838	1.614
2007_gray8_768	393984	1.135	1.219
2007_rgb16_1536	9438720	0.683	0.745
2007_rgb16_2048	16775168	0.675	0.680
2007_rgb16_2560	26222080	0.650	0.661
2007_rgb16_3072	37751808	0.722	0.715
2007_rgb16_512	1048064	1.029	1.482
2007_rgb16_768	2360064	0.810	1.200
2007_rgb8_1536	4720128	0.687	0.804
2007_rgb8_2048	8388608	0.665	0.697
2007_rgb8_2560	13112320	0.656	0.676
2007_rgb8_3072	18877440	0.674	0.670
2007_rgb8_512	524288	1.063	1.503
2007_rgb8_768	1180416	0.810	1.355
2007_rgba8_1536	6292992	0.648	0.706
2007_rgba8_2048	11184128	0.658	0.682
2007_rgba8_2560	17482240	0.644	0.685
2007_rgba8_3072	25168896	0.630	0.687
2007_rgba8_512	698880	0.941	1.149
2007_rgba8_768	1573632	0.754	1.059
2207_gray8_1024	787200	0.817	1.114
2207_gray8_1536	1770624	0.694	0.943
2207_gray8_2048	3147264	0.670	0.829
2207_gray8_2560	4917120	0.661	0.792
2207_gray8_3072	7080192	0.660	0.759
2207_gray8_4096	12585984	0.659	0.746
2207_gray8_512	196992	1.480	1.402
2207_gray8_768	442944	0.963	1.105
2207_rgb16_1024	4719360	0.709	0.904
2207_rgb16_1536	10617984	0.657	0.729
2207_rgb16_2048	18875904	0.599	0.669
2207_rgb16_2560	29493120	0.583	0.617
2207_rgb16_3072	42469632	0.655	0.665
2207_rgb16_4096	75500544	0.697	0.694
2207_rgb16_512	1180032	0.923	1.292
2207_rgb16_768	2654784	0.747	1.043
2207_rgb8_1024	2360064	0.676	1.039
2207_rgb8_1536	5309568	0.600	0.787
2207_rgb8_2048	9438720	0.574	0.684
2207_rgb8_2560	14747520	0.576	0.621
2207_rgb8_3072	21235968	0.570	0.609
2207_rgb8_4096	37751808	0.586	0.603
2207_rgb8_512	590208	0.973	1.276
2207_rgb8_768	1327680	0.758	1.201
2207_rgba8_1024	3146496	0.711	0.936
2207_rgba8_1536	7079040	0.659	0.728
2207_rgba8_2048	12584448	0.631	0.681
2207_rgba8_2560	19662720	0.597	0.638
2207_rgba8_3072	28313856	0.581	0.639
2207_rgba8_4096	50334720	0.571	0.619
2207_rgba8_512	786816	0.920	1.240
2207_rgba8_768	1770048	0.770	1.113
2407_gray8_1536	1574400	1.029	1.267
2407_gray8_2048	2797568	0.918	1.214
2407_gray8_2560	4372480	0.835	1.052
2407_gray8_3072	6294528	0.768	0.960
2407_gray8_512	175104	2.172	1.894
2407_gray8_768	393984	1.529	1.626
2407_rgb16_1536	9438720	1.033	1.139
2407_rgb16_2048	16775168	0.979	1.023
2407_rgb16_2560	26222080	0.909	0.957
2407_rgb16_3072	37751808	0.887	0.923
2407_rgb16_512	1048064	1.304	1.536
2407_rgb16_768	2360064	1.126	1.438
2407_rgb8_1536	4720128	1.006	1.248
2407_rgb8_2048	8388608	0.956	1.072
2407_rgb8_2560	13112320	0.906	0.978
2407_rgb8_3072	18877440	0.843	0.909
2407_rgb8_512	524288	1.441	1.591
2407_rgb8_768	1180416	1.191	1.353
2407_rgba8_1536	6292992	0.861	0.948
2407_rgba8_2048	11184128	0.808	0.849
2407_rgba8_2560	17482240	0.786	0.815
2407_rgba8_3072	25168896	0.760	0.781
2407_rgba8_512	698880	1.206	1.488
2407_rgba8_768	1573632	1.011	1.239
3007_rgb8_1536	5590717	0.728	0.808
3007_rgb8_2048	9942610	0.702	0.701
3007_rgb8_2560	15530982	0.664	0.632
3007_rgb8_512	620948	0.953	1.398
3007_rgb8_768	1399135	0.790	1.205
3307_gray8_1536	1658423	0.742	0.908
3307_gray8_2048	2948511	0.693	0.813
3307_gray8_2560	4607239	0.682	0.797
3307_gray8_3072	6634607	0.682	0.772
3307_gray8_512	184680	1.492	1.333
3307_gray8_768	415260	1.034	1.124
3307_rgb16_1536	9945143	0.690	0.780
3307_rgb16_2048	17683871	0.646	0.714
3307_rgb16_2560	27634439	0.621	0.662
3307_rgb16_3072	39796847	0.662	0.675
3307_rgb16_512	1106280	0.932	1.255
3307_rgb16_768	2488860	0.786	1.090
3307_rgb8_1536	4973111	0.612	0.802
3307_rgb8_2048	8842655	0.602	0.733
3307_rgb8_2560	13818119	0.599	0.674
3307_rgb8_3072	19899503	0.583	0.648
3307_rgb8_512	553320	1.004	1.362
3307_rgb8_768	1244700	0.774	1.186
3307_rgba8_1536	6630455	0.678	0.686
3307_rgba8_2048	11789727	0.668	0.614
3307_rgba8_2560	18423559	0.654	0.599
3307_rgba8_3072	26531951	0.639	0.570
3307_rgba8_512	737640	0.921	1.220
3307_rgba8_768	1659420	0.780	1.101
5007_rgb8_1536	5470883	0.850	0.872
5007_rgb8_2048	9727535	0.854	0.823
5007_rgb8_2560	15193018	0.865	0.840
5007_rgb8_3072	21881158	0.879	0.835
5007_rgb8_512	608652	1.222	1.417
5007_rgb8_768	1366865	0.962	1.409
5207_gray8_1024	811008	1.114	1.187
5207_gray8_1536	1824768	0.941	1.054
5207_gray8_2048	3244032	0.884	0.970
5207_gray8_2560	5066240	0.882	0.909
5207_gray8_3072	7296000	0.924	0.915
5207_gray8_512	203264	2.002	1.870
5207_gray8_768	456192	1.355	1.402
5207_rgb16_1024	4860928	0.936	1.104
5207_rgb16_1536	10940928	0.911	0.930
5207_rgb16_2048	19453952	0.881	0.883
5207_rgb16_2560	30384640	0.862	0.634
5207_rgb16_3072	43760640	0.930	0.879
5207_rgb16_512	1217024	1.233	1.471
5207_rgb16_768	2733312	1.068	1.258
5207_rgb8_1024	2430976	0.910	1.261
5207_rgb8_1536	5471232	0.867	0.988
5207_rgb8_2048	9728000	0.904	0.907
5207_rgb8_2560	15193600	0.894	0.873
5207_rgb8_3072	21881856	0.865	0.857
5207_rgb8_512	608768	1.376	1.615
5207_rgb8_768	1367040	1.005	1.365
5207_rgba8_1024	3240960	0.752	0.922
5207_rgba8_1536	7294464	0.751	0.778
5207_rgba8_2048	12969984	0.744	0.791
5207_rgba8_2560	20257280	0.748	0.792
5207_rgba8_3072	29174784	0.746	0.792
5207_rgba8_512	811520	1.076	1.375
5207_rgba8_768	1822464	0.825	1.147
5307_gray8_1536	1824768	1.000	0.973
5307_gray8_2048	3244032	0.948	0.919
5307_gray8_2560	5066240	0.935	0.890
5307_gray8_3072	7296000	0.924	0.885
5307_gray8_512	203264	1.797	1.688
5307_gray8_768	456192	1.376	1.434
5307_rgb16_1536	10940928	0.883	0.880
5307_rgb16_2048	19453952	0.856	0.849
5307_rgb16_2560	30384640	0.857	0.639
5307_rgb16_3072	43760640	0.930	0.888
5307_rgb16_512	1217024	1.102	1.380
5307_rgb16_768	2733312	0.993	1.198
5307_rgb8_1536	5471232	0.873	0.915
5307_rgb8_2048	9728000	0.884	0.866
5307_rgb8_2560	15193600	0.900	0.846
5307_rgb8_3072	21881856	0.888	0.842
5307_rgb8_512	608768	1.348	1.508
5307_rgb8_768	1367040	1.047	1.272
5307_rgba8_1536	7294464	0.765	0.822
5307_rgba8_2048	12969984	0.766	0.802
5307_rgba8_2560	20257280	0.762	0.805
5307_rgba8_3072	29174784	0.770	0.809
5307_rgba8_512	811520	1.071	1.293
5307_rgba8_768	1822464	0.886	1.064
6007_rgb8_1536	4821504	0.863	1.074
6007_rgb8_2048	8566784	0.930	0.991
6007_rgb8_2560	13388800	0.887	0.896
6007_rgb8_3072	19273728	0.907	0.879
6007_rgb8_512	536576	1.591	1.676
6007_rgb8_768	1205760	1.149	1.429
6607_gray8_1536	1603584	0.691	0.911
6607_gray8_2048	2848768	0.649	0.790
6607_gray8_2560	4451840	0.643	0.775
6607_gray8_3072	6408192	0.654	0.818
6607_gray8_512	178688	1.630	1.473
6607_gray8_768	400896	1.038	1.172
6607_rgb16_1536	9613824	0.725	0.809
6607_rgb16_2048	17082368	0.717	0.743
6607_rgb16_2560	26698240	0.844	0.871
6607_rgb16_3072	38433792	0.902	0.897
6607_rgb16_512	1069568	1.000	1.305
6607_rgb16_768	2401536	0.851	1.181
6607_rgb8_1536	4807680	0.636	0.819
6607_rgb8_2048	8542208	0.614	0.732
6607_rgb8_2560	13350400	0.779	0.845
6607_rgb8_3072	19218432	0.815	0.844
6607_rgb8_512	535040	1.067	1.356
6607_rgb8_768	1201152	0.831	1.275
6607_rgba8_1536	6409728	0.680	0.683
6607_rgba8_2048	11388928	0.653	0.636
6607_rgba8_2560	17799680	0.728	0.815
6607_rgba8_3072	25623552	0.751	0.868
6607_rgba8_512	713216	1.055	1.283
6607_rgba8_768	1601280	0.818	1.175
6807_gray8_1024	827175	0.825	1.046
6807_gray8_1536	1859770	0.715	0.964
6807_gray8_2048	3305037	0.682	0.867
6807_gray8_2560	5165537	0.672	0.797
6807_gray8_3072	7436660	0.679	0.773
6807_gray8_4096	13216922	0.677	0.755
6807_gray8_512	206739	1.377	1.259
6807_gray8_768	465245	0.974	1.041
6807_rgb16_1024	4959015	0.677	0.898
6807_rgb16_1536	11152570	0.681	0.760
6807_rgb16_2048	19822157	0.628	0.719
6807_rgb16_2560	30983137	0.669	0.658
6807_rgb16_3072	44607860	0.673	0.664
6807_rgb16_4096	79285402	0.706	0.675
6807_rgb16_512	1238419	0.823	1.292
6807_rgb16_768	2788445	0.724	1.084
6807_rgb8_1024	2479911	0.690	1.033
6807_rgb8_1536	5576890	0.668	0.804
6807_rgb8_2048	9911885	0.658	0.758
6807_rgb8_2560	15492577	0.649	0.701
6807_rgb8_3072	22305140	0.620	0.667
6807_rgb8_4096	39644314	0.547	0.565
6807_rgb8_512	619411	0.889	1.287
6807_rgb8_768	1394525	0.751	1.166
6807_rgba8_1024	3306279	0.713	0.858
6807_rgba8_1536	7435450	0.689	0.696
6807_rgba8_2048	13215309	0.684	0.629
6807_rgba8_2560	20656097	0.666	0.601
6807_rgba8_3072	29739380	0.655	0.577
6807_rgba8_4096	52858010	0.565	0.587
6807_rgba8_512	825747	0.908	1.230
6807_rgba8_768	1859165	0.744	1.066
7007_rgb8_512	786944	0.921	1.418
7007_rgb8_768	1770240	0.793	1.203
8007_rgb8_1536	3033600	1.120	1.285
8007_rgb8_2048	5396480	1.008	1.131
8007_rgb8_512	336896	1.968	1.978
8007_rgb8_768	758784	1.359	1.677
8107_gray8_1024	656000	1.197	1.369
8107_rgb16_1024	3932800	0.919	1.184
8107_rgb8_1024	1966720	1.042	1.279
8107_rgb8_512	491840	1.355	1.686
8107_rgb8_768	1106400	1.095	1.497
8107_rgba8_1024	2622080	0.779	1.029
9007_gray8_1024	1049600	0.987	1.047
9007_rgb16_1024	6292480	0.866	0.938
9007_rgb8_1024	3146752	0.840	1.002
9007_rgb8_512	786944	1.190	1.450
9007_rgb8_768	1770240	0.893	1.166
9007_rgba8_1024	4195328	0.780	0.874
9097_rgb8_1536	4720128	0.679	0.905
9097_rgb8_512	524288	1.059	1.427
9097_rgb8_768	1180416	0.897	1.308
9227_rgb8_1536	4720128	0.698	1.041
9227_rgb8_512	524288	1.341	1.813
9227_rgb8_768	1180416	1.032	1.538

format	px	n	median_filtered_MiB	x86_median	arm_median
gray8	512	10	0.19	1.561	1.438
gray8	768	10	0.42	1.036	1.168
gray8	1024	7	0.75	0.832	1.114
gray8	1536	10	1.69	0.728	0.953
gray8	2048	10	3.00	0.687	0.846
gray8	2560	10	4.69	0.677	0.797
gray8	3072	10	6.75	0.681	0.795
gray8	4096	3	12.00	0.659	0.746
rgb16	512	10	1.13	0.966	1.304
rgb16	768	10	2.53	0.806	1.135
rgb16	1024	7	4.50	0.791	0.937
rgb16	1536	10	10.13	0.733	0.801
rgb16	2048	10	18.00	0.709	0.772
rgb16	2560	10	28.13	0.708	0.661
rgb16	3072	10	40.50	0.752	0.756
rgb16	4096	3	72.00	0.697	0.675
rgb8	512	20	0.56	1.065	1.423
rgb8	768	20	1.27	0.862	1.274
rgb8	1024	7	2.25	0.690	1.045
rgb8	1536	17	5.06	0.687	0.857
rgb8	2048	15	9.00	0.686	0.779
rgb8	2560	14	14.06	0.664	0.708
rgb8	3072	13	20.25	0.674	0.707
rgb8	4096	3	36.00	0.586	0.603
rgba8	512	10	0.75	0.931	1.240
rgba8	768	10	1.69	0.775	1.083
rgba8	1024	7	3.00	0.713	0.879
rgba8	1536	10	6.75	0.679	0.727
rgba8	2048	10	12.00	0.666	0.677
rgba8	2560	10	18.75	0.660	0.673
rgba8	3072	10	27.00	0.647	0.663
rgba8	4096	3	48.00	0.571	0.609
