filename,width,height,color_type,bpp,raw_bytes,e0_size,e0_ms,e1_size,e1_ms,e2_size,e2_ms,e3_size,e3_ms,e4_size,e4_ms,e5_size,e5_ms,e6_size,e6_ms,e7_size,e7_ms,e8_size,e8_ms,e9_size,e9_ms,e10_size,e10_ms,e11_size,e11_ms,e12_size,e12_ms,e13_size,e13_ms,e14_size,e14_ms,e15_size,e15_ms,e16_size,e16_ms,e17_size,e17_ms,e18_size,e18_ms,e19_size,e19_ms,e20_size,e20_ms,e21_size,e21_ms,e22_size,e22_ms,e23_size,e23_ms,e24_size,e24_ms,e25_size,e25_ms,e26_size,e26_ms,e27_size,e27_ms,e28_size,e28_ms,e29_size,e29_ms,e30_size,e30_ms
apng__google_archives_bulbagarden_44e8fea5df6df739.png,180,180,rgba8,4,129600,32986,1,2346,1,1572,1,1572,1,1572,2,1542,1,1541,1,1542,1,1512,1,1511,2,1394,3,1375,3,1382,3,1385,3,1385,3,1370,3,1353,9,1353,9,1315,29,1315,24,1292,48,1262,66,1262,61,1260,66,1260,91,1260,118,1260,134,1260,174,1260,635,1260,705,1260,1163
apng__google_cdn_svgator_com_ae61162e8a877f9e.png,222,226,rgba8,4,200688,150820,0,17408,0,17087,1,16895,3,16866,5,16771,3,16749,3,16733,3,16715,4,16521,5,16316,9,16147,9,16047,9,15993,9,15959,12,15890,13,15857,23,15857,31,15314,69,15314,95,15167,151,15090,232,15090,296,14960,365,14960,445,14960,534,14960,598,14960,692,14912,2126,14912,2366,14912,3555
apng__google_dodo_ac_7b02c651d12a0ddd.png,360,300,rgba8,4,432000,109405,3,16228,3,13039,4,13039,6,13039,8,12913,6,12899,6,12897,6,12897,7,12727,7,12179,11,12043,11,12018,12,11924,12,11924,15,11842,17,11739,40,11739,39,11216,100,11216,95,11119,184,11029,264,11029,263,11020,335,11020,414,11020,528,11020,555,11020,848,11020,2900,11020,2455,11020,4088
apng__google_i_postimg_cc_9ea1e539f5cf8056.png,800,420,rgba8,4,1344000,1008563,2,103779,4,99264,15,99264,23,99264,52,98839,28,98819,29,98810,28,98785,32,93878,45,92494,70,90600,79,90173,86,89618,83,88565,129,88350,137,87792,264,87768,312,81725,545,81669,694,81093,1159,80579,1677,80464,1999,80156,2714,80156,3364,80156,3739,80156,4064,80156,5047,80045,9560,80045,10341,80045,12573
apng__google_littlesvr_ca_e5c60a29b10f4d08.png,116,135,rgba8,4,62640,62843,0,23294,0,23217,1,22993,2,22993,4,22774,2,22773,3,22773,3,22772,3,22401,5,21701,9,21363,9,21286,10,21151,10,20964,16,20932,18,20857,33,20857,43,19964,63,19964,77,19766,99,19740,134,19740,162,19737,187,19737,234,19737,269,19737,305,19737,383,19737,1679,19737,2024,19737,2920
apng__google_online-go_com_1d2d31cfdd5bb445.png,381,381,rgba8,4,580644,435962,0,32471,1,31217,5,31217,8,31217,13,30135,8,29893,7,29947,7,29569,9,22274,11,21509,20,19127,25,18087,20,17467,21,17314,25,17235,27,17121,41,17121,62,17095,168,17095,230,16531,399,15958,727,15958,871,15907,1316,15907,1608,15907,1822,15907,2006,15907,2556,15907,4809,15907,5348,15907,6444
apng__wm_icon_3b455343a46dc2e7.png,375,400,rgba8,4,600000,600513,0,30831,2,27271,7,27271,9,27271,15,26970,9,26798,8,26602,9,26157,10,24224,13,23417,23,24150,23,23066,23,22372,25,22372,33,22372,36,21587,67,21587,86,21412,206,21412,289,21189,457,20633,773,20633,921,20633,1287,20633,1503,20633,1792,20633,1915,20633,2391,20633,4512,20633,4838,20633,5961
png-24-32__web_behance_net_422aa5f4a9276245.png,62,114,rgba8,4,28272,7776,0,1207,0,1110,0,1110,0,1110,0,1090,0,1089,0,1089,0,1089,0,1075,0,1044,0,1039,0,1006,0,990,0,990,1,989,1,989,3,989,4,974,13,974,9,969,13,968,15,968,15,968,17,968,30,968,33,968,36,968,60,968,288,968,334,968,570
png-24-32__web_cnn_com_d799399310a7e3ec.png,720,720,rgb8,3,1555200,519985,15,9416,15,8959,18,8959,22,8959,27,8720,22,8730,21,8725,21,8669,22,8421,25,7750,37,7628,31,7661,32,7731,31,7731,37,7724,38,7691,72,7691,81,7395,190,7395,185,7306,332,6895,604,6895,691,6639,747,6614,897,6614,1046,6614,1196,6598,1552,6598,2962,6598,3312,6598,5864
png-24-32__web_elmundo_es_97097a175f4f5005.png,34,33,rgba8,4,4488,1755,0,1269,0,1170,0,1170,0,1170,0,1161,0,1161,0,1161,0,1161,0,1156,0,1130,0,1117,0,1116,0,1116,0,1115,1,1116,0,1116,2,1116,2,1116,9,1116,4,1100,9,1100,8,1100,9,1097,10,1097,13,1097,18,1097,24,1097,33,1097,119,1097,137,1097,218
png-24-32__web_independent_co_uk_f20bad77af836786.png,640,426,rgb8,3,817920,818487,0,252203,3,249861,15,249069,27,249019,51,247856,36,247832,30,247815,31,247810,44,236408,58,230652,107,226034,129,224142,168,222789,172,218674,301,217268,334,217268,640,217268,791,204799,1136,204799,1447,204116,1752,204116,2053,204116,2505,204053,2949,204027,3308,204027,3921,204027,4335,203957,6304,203556,11538,203556,12173,203556,15918
png-24-32__web_lifehacker_com_4e5276f6dbc61e7a.png,400,225,rgb8,3,270000,270313,0,128749,1,128028,8,127782,11,127782,22,125369,12,125369,12,125369,12,125369,17,120712,23,117882,44,115502,49,115050,49,114656,53,113683,94,113508,99,113381,188,113075,238,109505,302,109270,379,109315,448,109315,493,109165,609,109165,678,109114,864,109114,991,109114,1105,109114,1383,109114,7084,109114,7118,109100,12568
png-24-32__web_lifehacker_com_82e7aa762dfb7352.png,75,75,rgb8,3,16875,17018,0,6822,0,6743,0,6690,0,6690,1,6640,0,6638,0,6639,0,6639,1,6277,1,6124,2,6098,2,6079,2,6074,2,6074,3,6074,3,6074,5,6073,8,5936,15,5936,15,5918,20,5918,28,5905,35,5897,40,5897,54,5897,65,5897,72,5897,100,5897,486,5897,520,5897,856
png-24-32__web_livescience_com_4fa9a62bbdb7a6e8.png,320,180,rgba8,4,230400,173058,0,124444,1,121241,6,121241,10,121241,20,120895,11,120895,11,120895,11,120895,15,120635,22,119396,40,119396,39,119396,40,119396,41,119396,50,119396,49,119396,74,119396,97,116183,99,116183,130,116068,132,116068,144,116068,185,116080,191,116080,246,116080,289,116080,314,116080,408,116080,4540,116080,4647,116080,8305
png-24-32__web_livescience_com_fa49374b51f4fbea.png,500,281,rgba8,4,562000,421879,0,148743,2,146554,10,145964,14,145964,27,142338,16,142308,16,142303,16,142253,21,131987,28,128254,54,127546,56,127442,57,127073,58,127073,88,126930,80,126814,128,126814,171,120517,247,120517,337,120197,453,120030,634,120030,787,119954,872,119954,1018,119954,1213,119954,1389,119954,1779,119954,8169,119954,8495,119954,14591
png-24-32__web_mashable_com_fbb323539fdab106.png,220,220,rgb8,3,145200,145498,0,81703,1,81553,4,81251,8,81251,14,80867,8,80867,8,80866,9,80866,16,77971,15,77971,27,77971,28,77971,29,77971,29,77971,40,77971,41,77971,68,77971,89,76616,102,76616,134,75621,150,75282,213,75282,269,75282,322,75282,387,75282,462,75282,516,75282,686,75282,3712,75282,3997,75270,6674
png-24-32__web_quora_com_01b9d5025fd67dcb.png,500,500,rgba8,4,1000000,1000643,1,134072,3,120871,11,120871,17,120871,29,119807,19,119796,19,119791,18,119729,25,110850,34,109020,60,106101,66,105900,68,105330,77,105330,115,105330,118,105330,206,105330,255,98922,360,98922,459,97939,606,97939,920,97939,1101,97967,1496,97967,1798,97967,1968,97967,2209,97967,2866,97967,6097,97967,6595,97967,8902
png-24-32__web_rt_com_7eb0a31a25cf7a0f.png,280,157,rgba8,4,175840,132175,0,63741,1,63715,3,63672,6,63672,11,63483,7,63483,7,63482,7,63482,9,62814,12,61571,24,60978,25,60802,25,60628,27,60275,44,60196,47,60150,104,60115,115,58003,140,58003,180,57731,209,57728,242,57699,299,57667,347,57614,414,57614,490,57614,545,57565,709,57565,3713,57565,3930,57565,6079
png-24-32__web_rt_com_e445f22a7f5f518f.png,768,432,rgba8,4,1327104,995963,1,361009,5,361009,22,361009,35,360998,66,359393,44,359356,41,359349,41,359335,57,345967,80,340013,152,336323,164,334681,171,331741,190,328970,348,327613,366,327273,712,327025,888,312719,1155,312719,1417,311416,1761,311416,2084,311416,2496,311377,2750,311377,3294,311377,3815,311377,4232,311377,5336,311377,12156,311377,12887,311377,17318
png-24-32__web_shopify_com_147f8d5c2654aac5.png,80,80,rgba8,4,25600,25748,0,12068,0,11992,0,11767,1,11767,1,11754,1,11754,1,11754,1,11746,1,11744,2,11744,3,11744,3,11744,3,11744,3,11744,4,11744,5,11742,8,11742,10,11554,13,11554,18,11466,23,11444,35,11444,42,11444,54,11444,69,11444,84,11444,94,11444,125,11444,625,11444,668,11444,1138
png-24-32__web_theatlantic_com_89f1c92a62fe6571.png,378,504,rgb8,3,571536,572148,0,382930,3,380363,18,376622,29,376622,57,375897,33,375886,34,375883,35,375874,47,374711,63,371593,115,371476,116,371387,115,371372,115,371087,140,371060,140,371037,217,370725,280,357820,295,357820,383,357061,417,356934,505,356934,631,356845,697,354059,848,354059,1003,354059,1142,353275,1509,353275,5076,353275,5080,352820,8330
png-24-32__web_theatlantic_com_baf3dba9a49bfbd0.png,400,266,rgb8,3,319200,319554,0,218394,2,217103,11,212072,17,212072,33,209588,19,209588,19,209588,19,209588,27,188286,36,184060,65,183694,66,183675,67,183675,66,183675,81,183675,83,183675,126,180629,175,164868,174,161246,227,164635,239,164635,291,161003,358,161003,383,161003,458,161003,542,161003,612,161003,763,160719,8038,160719,8264,160719,15611
png-24-32__wm_upload_wikimedia_org_06a3e2a19651053d.png,714,700,rgba8,4,1999200,1500278,1,269030,5,263683,20,263683,34,263683,64,262821,42,262610,38,262517,38,262374,49,262248,64,259037,118,257980,121,257555,124,256949,127,256884,161,255947,190,255175,255,254808,331,245880,594,244779,772,243821,1208,242364,2049,242364,2524,242239,3335,240501,3995,240501,4613,240501,5188,240501,6443,240501,12884,240501,13798,240501,17376
png-24-32__wm_upload_wikimedia_org_11dcc11da1b2d0e9.png,350,370,rgb8,3,388500,130435,3,5043,3,5043,4,5043,5,5043,6,4966,5,4967,5,4966,5,4929,6,4875,7,4660,8,4548,8,4553,8,4577,9,4577,10,4365,11,4231,25,4231,24,4231,76,4231,77,4032,164,4032,286,4032,287,3876,368,3842,430,3842,512,3842,575,3842,735,3791,1442,3791,1611,3791,1950
png-24-32__wm_upload_wikimedia_org_1532fe0066ee46a8.png,260,300,rgb8,3,234000,234399,0,25226,0,19352,2,19352,4,19352,7,19044,5,19023,4,18996,4,18948,5,18729,7,18109,13,17724,13,17698,13,17557,14,17557,19,17557,20,17411,35,17342,49,15355,133,15355,177,14871,313,14790,502,14790,619,14650,868,14650,975,14650,1116,14650,1258,14650,1568,14650,4121,14650,4534,14650,6491
png-24-32__wm_upload_wikimedia_org_1996d241e2313a8e.png,400,629,rgb8,3,754800,755552,0,108489,1,102267,7,102267,15,102267,25,101856,16,101822,16,101801,16,101706,20,95128,27,92359,46,92293,47,91986,47,91573,48,91573,63,91520,66,90979,114,90979,156,85388,312,85388,418,84570,678,83962,1208,83962,1511,83724,1878,83724,2173,83724,2513,83724,2841,83724,3477,83724,7188,83724,7575,83724,9719
png-24-32__wm_upload_wikimedia_org_22f467cc732847eb.png,141,142,rgba8,4,80088,80303,0,23873,0,23740,1,23570,2,23570,4,23447,2,23443,2,23442,3,23440,3,22330,5,21988,9,21676,9,21625,9,21571,10,21571,15,21567,15,21423,25,21423,31,20719,49,20719,63,20559,92,20437,131,20437,163,20436,196,20436,235,20436,279,20436,314,20436,402,20436,1671,20436,1779,20436,2978
png-24-32__wm_upload_wikimedia_org_2ddf54d24683591c.png,1028,482,rgb8,3,1486488,1487148,2,24435,3,22056,10,22056,19,22056,28,20993,16,20924,16,20890,16,20830,18,19793,24,19434,38,18855,38,18861,38,18445,40,18298,48,18137,51,18116,82,18116,109,17162,255,17162,335,16319,577,15781,1131,15781,1340,15416,1843,15416,2086,15416,2390,15416,2714,15413,3343,15413,6144,15367,6610,15367,7776
png-24-32__wm_upload_wikimedia_org_3561c22e294c96b4.png,275,102,rgba8,4,112200,112435,0,9948,0,8554,1,8554,2,8554,3,8433,2,8409,2,8392,2,8351,2,8226,3,7997,5,7980,6,7793,5,7693,6,7693,8,7693,9,7660,15,7660,21,7471,48,7464,76,7340,114,7232,169,7232,209,7229,291,7229,311,7229,360,7229,405,7229,501,7229,1380,7229,1517,7229,2142
png-24-32__wm_upload_wikimedia_org_3ebe459926910087.png,450,798,rgba8,4,1436400,361039,11,15930,11,13658,13,13658,16,13658,19,13437,16,13425,16,13419,16,13419,17,13076,19,12058,23,12109,23,12134,24,12174,25,12174,31,12174,33,11387,77,11387,78,10814,221,10814,220,10590,490,10215,878,10215,871,10171,1154,10171,1317,10171,1519,10171,1700,10171,2174,10171,4018,10171,4456,10171,5639
png-24-32__wm_upload_wikimedia_org_40ed3829ca211a90.png,476,170,rgba8,4,323680,162088,0,6626,0,6295,1,6295,2,6295,3,6263,2,6260,2,6259,2,6248,2,6230,4,6005,6,5920,6,5929,6,6051,6,6051,8,6051,9,5871,17,5871,22,5566,51,5566,63,5440,135,5324,235,5324,244,5275,309,5275,370,5275,428,5275,481,5275,629,5126,1574,5126,1679,5057,2409
png-24-32__wm_upload_wikimedia_org_42181c081a9ea4f8.png,1425,625,rgba8,4,3562500,2672812,6,76597,9,76597,30,76433,47,76433,75,75030,51,74885,50,74811,50,74672,56,72243,68,70637,105,68739,108,67622,106,66669,113,66669,135,66383,142,66119,232,64291,287,63505,734,61983,913,61953,1574,60301,2840,59323,3647,58211,5008,58211,5706,57477,6713,57477,7464,54624,9075,54624,16308,54624,17548,54624,20819
png-24-32__wm_upload_wikimedia_org_55dedc9d544d758c.png,733,131,rgba8,4,384092,97275,3,8660,3,8144,3,8144,4,8144,5,7922,4,7883,4,7869,4,7759,5,7714,6,7309,7,7146,8,7109,14,7034,8,7033,12,6904,12,6777,27,6777,26,6162,64,6162,64,6108,125,6097,173,6097,170,6097,199,6097,239,6097,285,6097,310,6097,407,6097,1164,6097,1222,6097,2080
png-24-32__wm_upload_wikimedia_org_60dc880007e197bc.png,300,284,rgb8,3,255600,43001,2,8201,2,7233,3,7233,3,7233,4,7000,4,6996,4,6996,4,6980,4,6419,5,6243,6,6104,7,6068,7,6015,8,5704,10,5641,11,5570,27,5570,28,5341,54,5341,56,5261,93,5258,121,5258,127,5258,143,5258,184,5258,235,5258,250,5258,344,5258,1338,5258,1475,5258,2450
png-24-32__wm_upload_wikimedia_org_71e5b86f183d4144.png,1600,1200,rgb8,3,5760000,5761763,6,433614,20,340681,75,340681,123,340681,202,336961,138,336229,131,335472,131,333441,156,291337,183,278574,302,276598,294,273978,304,270760,313,270760,360,268417,381,264538,641,264538,791,247651,1825,247651,2332,241115,4091,233825,6963,233825,8672,233056,10759,233056,12396,233056,14195,233056,15777,233056,19181,233056,35198,233056,38016,233056,43819
png-24-32__wm_upload_wikimedia_org_7491c5072b6c4500.png,1514,975,rgba8,4,5904600,5906122,18,92014,33,92014,78,90918,107,90836,169,84461,116,84350,116,84279,117,84118,123,75777,153,73641,232,69475,226,68155,234,66528,237,65912,276,65695,281,65392,418,64699,506,62851,1305,62639,1686,60528,2920,56597,5320,56488,6558,54381,8800,52950,10208,52950,11720,52950,13026,52950,15854,52950,28215,52950,30261,52950,35490
png-24-32__wm_upload_wikimedia_org_879470ec57eddccc.png,1330,2519,rgba8,4,13401080,13404731,32,138545,62,138545,188,127877,246,127455,350,127337,241,127232,242,127143,241,126466,249,121211,303,114412,471,112560,473,112209,477,112113,485,112113,546,112113,558,112113,817,107921,995,109901,2014,106023,2579,106269,4109,103600,7361,99889,9033,99283,12030,96239,13858,96239,15873,96239,17723,96239,21685,96239,37157,96181,40737,96086,47047
png-24-32__wm_upload_wikimedia_org_8947bf90fea09469.png,1130,700,rgba8,4,3164000,2373948,2,136219,5,120576,19,120576,34,120576,56,117242,35,117020,35,116882,35,116764,40,107345,53,102332,87,101428,89,101000,90,100400,93,99931,120,99247,128,97986,214,97986,280,93632,646,93632,828,92439,1535,90972,2849,90972,3520,89237,4977,89237,5772,89237,6649,89237,7416,89237,9397,89237,26602,89237,30216,89237,36584
png-24-32__wm_upload_wikimedia_org_8bb0c341d1d3fe4f.png,256,256,rgba8,4,262144,262488,0,14059,0,11848,2,11848,4,11848,6,11325,4,11263,4,11205,4,11075,4,10352,7,9643,10,8806,10,8410,10,8348,13,8348,23,8348,53,8088,74,8088,101,7685,353,7685,264,7538,256,7406,677,7406,681,7367,1163,7367,1174,7367,1348,7367,1476,7367,1762,7367,4853,7367,5272,7367,7595
png-24-32__wm_upload_wikimedia_org_8ebba068b6b8772a.png,1990,745,rgba8,4,5930200,5931507,3,234046,18,229618,115,228947,477,228881,447,228582,117,228516,316,228437,702,228193,195,226370,169,220655,599,221384,622,221005,433,220589,848,220589,669,220589,1029,220304,1444,216426,1582,207313,2243,204613,3392,204426,4834,202288,9079,192803,10803,192954,14508,191474,17020,191474,19997,191474,21986,191474,27034,191474,50336,189886,51890,189886,60665
png-24-32__wm_upload_wikimedia_org_8f613112813a76ad.png,1427,628,rgb8,3,2688468,225004,28,21601,28,21143,32,20944,38,20886,48,20719,45,20672,60,20651,101,20591,132,19021,78,18540,73,17884,72,17643,81,17298,64,16663,74,16194,108,15805,108,15805,107,14770,556,14770,441,14389,730,14364,1042,14364,1111,14298,1324,14298,1452,14298,2137,14298,2391,14298,2790,14298,5777,14298,5813,14298,8047
png-24-32__wm_upload_wikimedia_org_97794e5c6a17d578.png,331,165,rgba8,4,218460,164161,1,22187,2,20550,3,20550,4,20550,6,19987,7,19989,5,19975,7,19958,5,17600,8,16576,15,16502,13,16475,14,16373,14,16232,16,16139,17,16022,30,16022,45,14735,70,14735,90,14553,136,14455,507,14455,483,14455,306,14455,629,14455,834,14455,969,14455,812,14455,3305,14455,3319,14455,5131
png-24-32__wm_upload_wikimedia_org_bb191f6c0a8a70a8.png,209,230,rgb8,3,144210,48515,1,3836,1,3689,1,3689,2,3689,2,3577,2,3559,2,3547,2,3542,2,3261,3,3151,4,2876,4,2867,5,2886,5,2765,14,2503,16,2488,47,2488,46,2259,148,2259,184,2181,266,2161,206,2161,317,2155,373,2155,552,2155,297,2155,650,2155,688,2155,1763,2155,2476,2155,3238
png-24-32__wm_upload_wikimedia_org_bd721fce053f9580.png,800,321,rgba8,4,1027200,1027680,7,113438,10,109534,60,109377,63,109377,86,109303,29,109288,37,109268,32,109220,44,106491,39,104711,76,102532,76,101557,85,100398,74,98923,119,98319,135,98128,488,96317,585,91206,1115,89728,1063,90009,1783,89621,2511,88418,3345,88203,4064,85818,5207,85818,5435,85818,5912,85765,7867,85765,14151,85765,15294,85765,19475
png-24-32__wm_upload_wikimedia_org_c7de3c43c3315735.png,373,541,rgba8,4,807172,203465,8,10405,9,8500,10,8500,11,8500,13,8424,11,8359,9,8334,9,8123,10,8125,11,7740,13,7451,14,7483,14,7498,15,7498,17,7498,19,7377,51,7377,43,6874,135,6874,262,6753,563,6618,636,6618,918,6572,795,6572,1016,6572,1284,6572,1389,6572,1950,6572,3392,6572,4841,6572,5530
png-24-32__wm_upload_wikimedia_org_c9410c292a42af81.png,1500,1340,rgb8,3,6030000,6031912,35,1524365,87,1495005,243,1495005,218,1495005,507,1491556,605,1491517,529,1491492,767,1491453,351,1487001,818,1471514,1037,1469902,1367,1470223,1324,1469616,975,1467708,1568,1467333,1571,1465641,2242,1462929,2661,1403864,3821,1403571,4670,1395478,6063,1394496,7824,1392692,10487,1389812,13017,1389812,14547,1389812,17198,1389812,19307,1389812,22705,1389812,43835,1389812,48431,1389812,61244
png-24-32__wm_upload_wikimedia_org_caa54c42ae84e53d.png,174,210,rgba8,4,146160,146448,1,18196,1,12450,5,12450,9,12450,14,12190,5,12191,4,12183,3,12129,6,11158,10,11135,12,11158,12,11158,11,10980,13,10980,16,10980,15,10914,28,10914,33,10844,211,10844,85,10529,247,10292,704,10292,372,10287,937,10287,1163,10287,731,10287,1233,10287,1372,10287,3883,10287,4521,10287,5912
png-24-32__wm_upload_wikimedia_org_cb4d5ae6a93e6964.png,864,255,rgb8,3,660960,661333,1,40642,1,33302,5,33302,10,33302,16,33090,15,33063,17,33052,31,33016,49,30768,129,29405,175,29577,153,29598,85,29421,64,29421,78,29421,68,29421,96,29421,242,28126,308,28126,641,27670,392,27365,1088,27365,1111,27133,1582,27133,1797,27133,2052,27133,2634,27133,3560,27133,7982,27133,8513,27133,12219
png-24-32__wm_upload_wikimedia_org_d2c234bd8d9f4d3d.png,571,449,rgba8,4,1025516,64821,13,4973,12,4684,12,4684,14,4684,16,4513,12,4509,14,4497,16,4485,12,4253,16,4100,15,4047,15,3974,13,3841,12,3564,15,3470,17,3426,34,3426,33,3303,81,3303,80,3124,155,3100,416,3100,430,3097,317,3097,569,3097,698,3097,524,3097,1215,3097,2295,3097,2073,3097,3398
png-24-32__wm_upload_wikimedia_org_e5d318fa997c282e.png,1430,214,rgba8,4,1224080,306414,25,9690,17,9690,21,9447,23,9409,33,9434,27,9422,24,9381,22,9288,19,9247,23,9149,28,8959,35,8888,29,8776,23,8776,97,8637,88,8297,69,8318,47,7727,202,7789,424,7208,561,6976,830,6976,698,7036,1146,7036,1082,7036,1385,7036,1762,6960,1758,6960,4700,6960,4968,6960,7511
png-24-32__wm_upload_wikimedia_org_ea71f2a02de30b9b.png,919,599,rgba8,4,2201924,1652264,11,782551,37,741926,93,741926,124,740724,147,730871,79,730759,99,730707,88,730646,152,705647,425,688158,476,683888,271,683713,439,683071,558,682446,414,681529,713,681204,976,676753,1215,651384,2040,647474,2087,648999,2191,648999,3617,644320,4388,644314,4173,642315,5571,642315,5925,642315,7136,642255,9253,642255,23781,642255,22683,642255,33137
png-24-32__wm_upload_wikimedia_org_ed3d2be0f291d85f.png,200,135,rgb8,3,81000,81208,0,7375,0,7001,0,7001,1,7001,2,6940,1,6923,1,6924,1,6920,1,6643,2,6585,4,6519,4,6479,4,6507,4,6386,5,6344,6,6289,11,6289,16,6255,32,6255,45,6147,84,6075,160,6075,149,6073,300,6073,360,6073,554,6073,465,6073,657,6073,1839,6073,1417,6073,2871
png-8__g8_000caa3514fa9b81.png,1920,1092,rgba8,4,8386560,1049632,173,314447,103,238778,191,238778,272,238778,307,236561,211,236474,166,236452,132,236432,132,236420,178,232972,204,230232,233,229535,223,228736,229,227440,303,226728,279,226355,608,226355,536,215451,1678,215207,1617,212915,2215,212570,3060,212570,3913,212443,4479,212443,4708,212443,6990,212443,6443,212443,8963,212389,16783,212389,19969,212389,25126
png-8__g8_58191d0ad05d351c.png,1200,1200,rgba8,4,5760000,1442269,54,46779,60,44204,73,44204,87,44204,92,44042,71,43925,64,43826,63,43744,66,42985,74,41210,103,40849,105,40805,105,40748,94,40748,109,40748,112,39804,326,39973,357,38143,1328,38310,1172,37417,1544,36582,2736,36582,3498,36645,4547,36611,4573,36611,6306,36611,6250,36338,8964,36085,15539,36085,17490,36085,20788
png-8__g8_819ebeb23ec86c0e.png,900,747,rgb8,3,2016900,337026,25,15958,24,15958,30,15530,30,15410,34,15417,34,15360,28,15310,34,14963,31,14884,34,14400,39,13687,34,13607,35,13431,36,13431,45,13341,60,13007,112,13007,99,12286,296,12286,266,11844,523,11535,1320,11535,1624,11367,1551,11367,1578,11367,2349,11367,2633,11329,2771,11329,6069,11329,6292,11329,8014
png-8__g8_85260ee009f186c5.png,892,1264,rgb8,3,3382464,565224,52,13020,60,13020,69,12802,83,12802,81,12671,152,12662,120,12662,119,12650,172,11732,152,11621,70,11464,70,11451,94,11390,111,11390,249,11348,114,10461,245,10801,167,10069,306,10409,369,9685,585,9016,1121,9016,1178,8615,2212,8615,2128,8615,2001,8615,3380,8479,3071,8479,6593,8479,7241,8453,11450
png-8__g8_88b7bb9911ecc1cc.png,584,350,rgba8,4,817600,204953,9,42975,10,26877,10,26877,11,26877,15,26241,11,26198,11,26193,11,26165,14,23539,15,22023,21,21300,22,21216,26,21188,31,20817,39,20835,53,20665,106,20665,75,19497,162,19497,174,19414,223,19414,326,19414,320,19276,587,19276,782,19276,1024,19276,1013,19276,1076,19276,2310,19276,3266,19276,2941
png-8__g8_a43a36f48fd4f7c3.png,980,589,rgb8,3,1731660,578415,22,19188,24,19188,28,18607,39,18607,48,17993,39,17959,34,17921,39,17913,41,16344,44,15815,63,15028,72,14709,56,14492,51,14460,52,14299,54,14211,133,14211,195,12803,822,12803,607,12377,876,12187,1366,12187,989,12057,1338,12057,2397,12057,2168,12057,2672,12046,3654,12046,5977,12046,6854,12046,8414
png-8__g8_b3e0e0bfe43a59a8.png,920,920,rgb8,3,2539200,847535,25,168878,27,153526,36,153526,46,153526,63,145568,48,145328,48,145089,66,144973,94,137155,99,128601,151,117594,173,115757,192,114064,280,112698,324,111786,351,111101,730,111101,851,103622,1216,103622,1194,102746,2033,102264,3589,102264,2575,102249,3837,102249,3868,102249,4578,102249,5302,102249,6748,102249,13750,102249,15067,102249,18878
png-8__g8_c363e76c95704129.png,348,348,rgb8,3,363312,61007,6,4587,7,4565,6,4486,6,4486,8,4358,6,4279,8,4219,8,4203,7,4191,10,4191,14,3945,12,3548,12,3348,12,3305,19,3233,32,3199,43,3199,30,3092,76,3092,81,3007,224,2997,598,2997,421,2997,347,2997,398,2997,300,2997,463,2997,517,2997,1017,2997,1320,2997,2772
png-8__g8_e452fa2676dd4db4.png,700,700,rgba8,4,1960000,490993,47,38365,24,33628,27,33628,31,33628,31,33249,28,33199,26,33190,24,33174,27,31389,31,30071,53,29216,61,29048,73,28762,87,28399,120,28159,129,27933,235,27933,178,25994,397,25994,403,25539,677,25381,961,25381,1675,25097,2196,25097,1816,25097,3395,25097,2688,25097,3859,25069,7012,25069,7588,25069,9389
png-8__g8_e7ece368354b981e.png,512,512,rgba8,4,1048576,263792,10,12383,13,9218,15,9218,20,9218,25,9183,19,9162,21,9150,21,9116,20,8856,23,7653,37,7616,30,7637,36,7818,41,7818,41,7818,36,7818,58,7818,94,7315,487,7315,534,7179,371,7099,917,7099,741,7099,909,7099,946,7099,1727,7099,2133,7099,2020,7099,4389,7099,4031,7099,5043
png-8__google_assets_vogue_com_c5d82297172af19e.png,1200,675,rgb8,3,2430000,811583,23,632418,29,632418,53,616342,96,616342,170,615782,113,615722,100,615692,114,615679,156,615674,230,615674,361,615674,319,615674,468,615674,226,615674,309,615674,720,615674,621,615674,535,597616,707,597616,638,596937,745,596890,1404,596890,1441,596891,1436,596891,1275,596891,1358,596891,3079,596891,2433,595813,9847,595813,9852,595813,15339
png-8__google_www_epiclifecreative_10dce4a41a19b3b5.png,1024,1024,rgb8,3,3145728,1050528,54,480157,55,397524,103,397524,123,397524,203,394043,165,393993,83,393984,83,393970,111,368572,282,362045,460,358283,411,357871,422,357783,242,357783,358,357783,397,357783,892,357783,743,328435,1620,328435,1966,327825,2181,327663,3287,327663,2802,327583,3384,327583,3847,327583,4980,327583,5089,327583,7033,327583,15787,327583,18149,327583,25081
png-8__google_www_ilovefreesoftwar_d5eb42f3652e3cb0.png,500,529,rgb8,3,793500,265510,7,25548,8,20631,10,20631,15,20631,17,19996,15,19938,14,19905,15,19855,16,18974,17,18109,26,17561,27,17274,37,17154,42,17033,46,16778,44,16479,76,16479,83,15735,189,15735,208,15463,408,15248,547,15248,545,15202,1118,15202,1382,15202,1707,15202,1383,15202,2141,15202,4226,15202,4743,15202,6359
png-8__web_boardgamegeek_com_fc17b4ebc8e8acb2.png,30,30,rgba8,4,3600,2010,0,1884,0,1884,0,1871,0,1871,0,1871,0,1871,0,1871,0,1871,0,1871,0,1871,0,1871,0,1871,0,1871,0,1871,0,1871,0,1871,1,1871,2,1864,7,1864,8,1864,7,1864,5,1864,9,1864,8,1864,10,1864,14,1864,16,1864,21,1864,120,1864,118,1864,235
png-8__web_globalnews_ca_69114040f754f444.png,560,426,rgb8,3,715680,239849,10,119110,10,118824,18,118824,29,118824,46,118278,24,118275,24,118275,23,118275,28,117443,34,114105,61,113464,67,113345,61,113174,63,112532,98,112457,120,111876,226,111876,221,104897,335,104897,291,104786,384,104795,712,104795,862,104795,871,104795,1450,104795,1022,104795,991,104795,1762,104269,3992,104269,4662,104269,6812
png-8__web_newyorker_com_2a1099f2bf938982.png,120,120,rgba8,4,57600,14997,0,3813,1,3463,1,3463,2,3463,2,3457,1,3457,2,3456,1,3453,2,3412,2,3339,2,3303,4,3281,4,3275,4,3245,3,3240,7,3240,15,3240,19,3104,33,3104,44,3068,37,3065,48,3065,38,3065,48,3065,75,3065,82,3065,87,3065,119,3065,607,3065,654,3065,1041
png-8__web_nypost_com_107d450ad68e8880.png,2000,1333,rgb8,3,7998000,2668381,95,553215,117,544422,178,544422,269,544422,475,536035,330,535475,362,535452,359,534912,520,508261,415,491776,360,484952,464,482075,366,479781,364,479781,547,479781,539,478013,1131,478013,1519,451414,2923,451414,2144,449295,5156,448466,7412,448466,7529,447645,10495,447645,10956,447645,13184,447645,13655,447645,18239,447645,31189,447645,35233,447645,41545
png-8__web_pewresearch_org_d46319ade9b8a1f3.png,1400,788,rgb8,3,3309600,1104904,32,110108,34,110108,51,110108,72,110108,84,109077,59,109016,58,108986,61,108829,65,106082,70,104968,97,104070,94,103620,97,102083,130,101591,230,101239,237,100435,249,100435,349,97099,1248,97099,1431,95610,1768,93932,3220,93932,4143,93820,5466,93820,5935,93820,7070,93820,7605,93820,10445,93820,17910,93820,19489,93820,24285
png-8__web_theguardian_com_fc978c5094543298.png,123,98,rgba8,4,48216,13280,0,7340,0,7340,0,7340,1,7340,1,7316,1,7313,1,7312,3,7312,1,7312,4,7312,5,7312,8,7312,4,7312,5,7283,3,7280,3,7243,8,7274,8,7056,13,7107,13,7027,21,6979,25,6979,26,6979,29,6979,39,6979,50,6979,56,6979,78,6979,753,6979,1121,6979,1532
png-8__web_thesun_co_uk_746a927778eaa9f9.png,1500,1000,rgb8,3,4500000,1501987,43,814155,53,768642,90,768642,141,768642,217,761462,155,761456,134,761451,147,761446,209,721433,233,712414,399,709516,420,709144,354,708215,362,708215,488,708215,663,708215,1544,708215,1823,659606,1763,659606,2152,658790,3409,658790,2691,658790,3821,658790,3215,658790,4738,658790,5208,658790,5945,658790,6988,658790,21025,658790,22549,658790,35174
png-8__web_theverge_com_9ccb4a9ba1f116e9.png,700,200,rgb8,3,420000,140434,9,5461,9,5027,6,5027,17,5027,19,4750,17,4728,19,4727,13,4726,22,4583,25,4521,35,4331,25,4316,27,4293,16,4215,16,4159,21,4036,47,4036,29,3626,78,3626,115,3591,200,3488,350,3488,226,3420,320,3420,402,3420,481,3420,470,3420,630,3420,2722,3420,2083,3420,3674
png-8__web_variety_com_3ad568180e255f9b.png,250,167,rgb8,3,125250,42765,2,30585,2,30585,19,30585,17,30585,16,30591,16,30591,10,30591,10,30591,16,30591,26,30591,39,30591,43,30591,46,30591,43,30591,67,30591,45,30591,106,30591,42,29664,66,29664,69,29664,81,29611,79,29611,68,29610,73,29610,106,29610,123,29610,136,29610,172,29610,1498,29610,2398,29610,3387
png-8__wm_icon_482d45153bb10ce9.png,48,48,rgba8,4,9216,2505,0,802,0,655,0,655,0,655,0,653,0,654,0,654,0,654,0,648,0,619,0,606,0,605,0,601,0,601,0,601,0,601,2,601,2,589,4,589,4,588,6,588,7,588,7,588,8,588,15,588,39,588,47,588,45,585,146,585,169,585,270
png-8__wm_upload_wikimedia_org_11230a679e897359.png,400,514,rgb8,3,616800,206710,6,8190,6,6946,7,6946,8,6946,10,6861,9,6861,9,6859,8,6854,9,6657,10,6412,13,6279,14,6230,14,6093,16,6082,24,5886,27,5583,79,5583,70,5583,243,5583,146,5511,264,5247,603,5247,674,5104,687,5104,1580,5104,896,5104,1118,5104,1403,5104,3401,5104,2568,5104,4640
png-8__wm_upload_wikimedia_org_15154c180e27d618.png,258,300,rgb8,3,232200,78005,2,23747,2,18250,3,18250,5,18250,7,18009,5,17992,5,17982,5,17982,6,17684,7,17342,11,16973,11,16867,12,16826,12,16662,19,16458,20,16364,55,16364,60,15585,170,15585,116,15443,178,15443,263,15443,182,15488,255,15488,316,15488,573,15488,813,15488,691,15488,3528,15488,3305,15488,5084
png-8__wm_upload_wikimedia_org_22e128384f899652.png,240,240,gray8,1,57600,57908,0,9780,0,7951,1,7951,2,7951,2,7810,1,7807,3,7803,2,7785,2,7341,3,7012,7,6903,6,6740,6,6645,13,6377,23,6199,22,6098,52,6098,54,5944,108,5944,155,5748,505,5748,458,5748,469,5736,491,5736,298,5736,341,5736,414,5736,592,5736,1769,5736,2898,5736,3233
png-8__wm_upload_wikimedia_org_2c68211447f00af8.png,200,133,rgb8,3,79800,27581,0,7472,1,6300,2,6300,1,6300,4,6251,3,6244,3,6239,2,6222,3,6157,3,5992,6,5974,7,5965,6,5913,6,5807,7,5703,6,5651,20,5651,20,5594,57,5594,58,5525,95,5515,122,5515,125,5494,243,5494,191,5494,296,5494,197,5494,358,5494,1407,5494,990,5494,1583
png-8__wm_upload_wikimedia_org_2ee0340731de4b92.png,400,435,gray8,1,174000,174529,0,23212,0,20169,1,20169,4,20169,7,20099,4,20092,4,20090,4,20085,4,19968,6,19245,10,19207,11,19146,11,19193,11,19193,16,19003,18,18743,60,18743,49,17609,133,17609,135,17363,418,17240,718,17240,866,17186,1100,17186,808,17186,930,17186,942,17186,1501,17186,3266,17186,2967,17186,4487
png-8__wm_upload_wikimedia_org_4011cd8458848bd9.png,320,350,rgba8,4,448000,56475,3,10719,3,9130,4,9130,5,9130,6,8859,6,8851,8,8849,5,8836,6,8694,6,8413,9,8321,10,8282,15,8154,12,7780,13,7664,14,7633,34,7633,31,7401,67,7401,66,7302,234,7290,275,7290,145,7288,273,7288,395,7288,701,7288,805,7288,988,7288,1286,7288,1307,7288,3060
png-8__wm_upload_wikimedia_org_511a9592459389af.png,174,219,rgb8,3,114318,38501,1,4652,2,3822,6,3822,3,3822,4,3791,4,3787,4,3783,3,3772,2,3724,3,3623,4,3592,4,3543,4,3442,5,3346,6,3275,6,3262,15,3262,15,3144,43,3144,42,3068,94,3063,168,3063,200,3061,224,3061,289,3061,188,3061,228,3061,331,3061,1191,3061,1202,3061,2786
png-8__wm_upload_wikimedia_org_578383c5412b2366.png,300,186,rgb8,3,167400,56295,7,7224,3,5867,8,5867,4,5867,11,5772,12,5766,4,5765,4,5763,15,5584,10,5584,15,5511,16,5502,12,5480,19,5441,27,5355,32,5149,52,5149,48,5104,120,5104,59,4902,93,4828,209,4828,203,4773,297,4773,392,4773,428,4773,465,4773,484,4773,1833,4773,2427,4773,2572
png-8__wm_upload_wikimedia_org_5cf9740c77b960f2.png,140,70,gray8,1,9800,9938,0,3371,0,2741,0,2741,0,2741,0,2735,0,2735,0,2737,0,2737,0,2737,0,2668,1,2656,1,2658,1,2650,1,2624,1,2566,1,2556,10,2556,4,2556,11,2556,12,2509,20,2507,24,2507,24,2502,36,2502,72,2502,90,2502,108,2502,148,2502,610,2502,958,2502,1442
png-8__wm_upload_wikimedia_org_5e1b2e5b8cbb5c09.png,600,400,rgb8,3,720000,240684,7,19866,10,16421,11,16421,13,16421,17,16249,16,16241,28,16233,24,16226,24,16193,59,15584,31,15443,33,15381,33,15291,25,15188,35,15136,32,14854,69,14854,63,14471,171,14471,179,14297,415,14286,588,14286,527,13875,761,13875,1515,13875,1789,13875,1208,13875,1664,13875,4165,13875,4261,13875,4967
png-8__wm_upload_wikimedia_org_63562918312c58f6.png,193,300,rgb8,3,173700,58584,2,15819,2,13667,3,13667,7,13667,7,13285,5,13252,6,13249,7,13249,6,12920,9,12572,15,12309,11,12273,12,12228,13,11919,23,11824,23,11660,60,11660,62,11200,163,11200,147,11122,230,11070,521,11070,346,11061,302,11061,262,11061,517,11061,486,11061,512,11061,1870,11061,3048,11061,3903
png-8__wm_upload_wikimedia_org_6488b281ecf3711e.png,167,198,rgb8,3,99198,16958,1,4064,1,3535,2,3535,2,3535,2,3479,2,3476,2,3474,1,3474,2,3442,3,3244,6,3127,5,3095,4,3072,7,3003,8,2999,7,2993,22,2993,23,2884,55,2884,58,2863,93,2862,133,2862,124,2862,111,2862,168,2862,246,2862,119,2862,177,2862,1325,2862,1006,2862,1563
png-8__wm_upload_wikimedia_org_84bde5c6b28fc1ba.png,3600,731,gray8,1,2631600,2632599,0,112784,2,110482,25,110482,41,110482,66,109598,33,109366,33,109275,33,109133,39,108394,61,103891,104,102596,95,102972,121,102901,220,102901,256,102901,333,102308,678,102308,670,96935,1870,96935,1059,95949,2904,95245,4068,95245,4810,95245,5682,95245,6253,95245,7732,95245,8268,95245,10705,95245,19371,95245,21641,95245,25937
png-8__wm_upload_wikimedia_org_89740e596e1c1377.png,850,850,rgba8,4,2890000,723764,22,36629,23,30855,27,30855,33,30855,39,29970,33,29782,33,29634,33,29543,35,28287,41,27174,50,26675,51,26271,52,25942,52,25236,85,24835,98,24073,201,24073,210,22345,768,22345,1234,21836,1137,21399,2054,21399,3189,20657,3462,20657,4805,20657,5324,20657,5700,20657,7301,20657,13605,20657,14451,20657,16627
png-8__wm_upload_wikimedia_org_8a0e7cfb5919e7f4.png,121,138,rgba8,4,66792,17967,0,5177,1,4363,1,4363,2,4363,3,4335,2,4327,2,4323,2,4323,2,4274,3,4165,11,4096,16,4068,5,4026,5,3953,16,3950,11,3946,49,3946,41,3855,55,3855,39,3841,51,3841,49,3841,42,3842,72,3842,121,3842,199,3842,188,3842,180,3842,691,3842,728,3842,1095
png-8__wm_upload_wikimedia_org_8b81751603d39116.png,413,434,rgba8,4,716968,180798,5,44831,6,38803,8,38803,11,38803,16,38487,16,38460,14,38449,18,38417,17,37239,23,36591,39,36293,32,36320,36,36088,38,35766,50,35220,52,34978,116,34978,123,34006,344,34006,326,33599,691,33539,820,33539,742,33524,564,33524,679,33524,801,33524,799,33524,1832,33524,3486,33524,3307,33524,4313
png-8__wm_upload_wikimedia_org_8e54ba072d889a1b.png,2400,747,rgb8,3,5378400,1794071,58,118208,55,103848,67,103848,82,103848,98,102193,97,101906,108,101759,104,101474,134,99456,206,96370,273,94173,382,93761,324,93164,252,92482,341,90815,282,88454,867,88454,582,79920,1410,79920,1207,78685,3908,77020,5357,77020,4853,75243,8577,75243,8993,75243,10748,75243,12089,75243,15413,75243,26202,75243,27199,75243,33719
png-8__wm_upload_wikimedia_org_90b17babad355e68.png,195,130,rgb8,3,76050,25749,0,4993,0,4754,1,4754,1,4754,2,4724,1,4723,1,4720,1,4717,1,4681,2,4625,3,4583,3,4568,3,4518,3,4462,4,4426,8,4415,15,4415,19,4366,50,4366,45,4313,85,4299,110,4299,124,4298,171,4298,275,4298,297,4298,275,4298,289,4298,1481,4298,913,4298,1349
png-8__wm_upload_wikimedia_org_94935c470ad863a0.png,986,727,rgb8,3,2150466,718463,21,95185,22,83614,30,83614,39,83614,49,83123,38,83019,37,82939,37,82843,39,82469,45,80754,62,80104,63,79760,64,79660,66,79660,178,79618,116,78831,260,78831,261,76907,797,76907,922,75871,1302,75550,1944,75550,1897,74874,3479,74874,3563,74874,4252,74874,4914,74874,6094,74874,12076,74874,11565,74874,15883
png-8__wm_upload_wikimedia_org_adca8e7401f94df7.png,972,604,rgb8,3,1761264,588046,17,48443,19,47287,22,47008,28,47000,36,42507,28,41194,28,41168,29,41066,31,39375,44,37010,64,32779,71,28263,59,25029,73,23399,90,22194,89,21638,206,21638,189,18918,485,18918,628,17995,1305,17198,2025,17198,1392,17164,2380,17164,3309,17164,3035,17164,3890,17164,4195,17164,8934,17164,9184,17164,12009
png-8__wm_upload_wikimedia_org_cc20e8eeffce01bf.png,300,194,rgb8,3,174600,58706,2,13015,2,12273,6,12273,4,12273,9,11866,5,11801,5,11798,5,11795,6,11220,12,10910,12,10543,15,10473,15,10430,12,10246,19,10160,20,10073,59,10073,57,9370,136,9370,137,9331,265,9331,353,9331,288,9337,228,9337,423,9337,648,9337,642,9337,439,9337,1643,9337,2371,9337,3717
png-8__wm_upload_wikimedia_org_d28ac15d3cc48c3f.png,212,199,rgba8,4,168752,42623,1,5371,1,4552,2,4552,3,4552,5,3859,3,3808,3,3789,3,3743,3,3335,5,2987,5,2720,4,2654,5,2651,7,2651,6,2624,7,2613,18,2613,16,2455,52,2455,43,2396,83,2352,120,2352,122,2352,158,2352,194,2352,285,2352,402,2352,508,2352,1930,2352,1494,2352,2572
png-8__wm_upload_wikimedia_org_ea1fe6b82df389ab.png,539,252,gray8,1,135828,136174,0,5836,1,5555,2,5555,4,5555,7,5451,4,5449,5,5447,4,5446,4,5139,6,4890,11,4655,12,4690,10,4723,13,4723,23,4723,19,4565,52,4565,37,4195,107,4195,103,4065,255,4018,422,4018,326,4018,848,4018,609,4018,563,4018,657,4018,811,4018,2776,4018,2780,4018,4353
png-8__wm_upload_wikimedia_org_ebf828c307ea4ddf.png,447,500,rgba8,4,894000,225131,18,52564,22,50345,35,50345,52,50345,40,49771,34,49762,39,49776,22,49751,25,48208,30,46715,57,46263,56,46127,67,45982,66,45934,51,45754,52,45388,101,45388,101,43721,197,43721,208,43606,429,43510,712,43510,639,43225,1141,43225,2248,43225,1612,43225,1519,43225,3215,43225,5090,43225,5315,43225,7207
png-8__wm_upload_wikimedia_org_f1d4772f593f539e.png,850,850,rgba8,4,2890000,723668,35,32915,40,32530,56,32530,58,32530,59,31471,63,31367,53,31313,62,31186,55,30175,59,28604,75,27283,61,27066,83,26369,262,25786,274,25054,333,24262,228,24262,248,22402,770,22402,475,21840,1167,21266,2013,21266,2669,21096,2457,21096,4068,21096,3370,21096,5093,21096,6006,21096,9992,21096,12009,21096,14235
